{"mean":{"confidence_interval":{"confidence_level":0.95,"lower_bound":-0.0005089735008161148,"upper_bound":0.003965913647818968},"point_estimate":0.001690975317752974,"standard_error":0.0011347775410185494},"median":{"confidence_interval":{"confidence_level":0.95,"lower_bound":0.000627658198297798,"upper_bound":0.0040293958454302725},"point_estimate":0.0025499850459342888,"standard_error":0.0008784185750765407}}