{"mean":{"confidence_interval":{"confidence_level":0.95,"lower_bound":-0.010898872410644248,"upper_bound":0.004910468090321968},"point_estimate":-0.0032199112872439706,"standard_error":0.004025241689987893},"median":{"confidence_interval":{"confidence_level":0.95,"lower_bound":-0.0034142544250008733,"upper_bound":0.0011856255562230356},"point_estimate":-0.000893838160296867,"standard_error":0.0011672359219768744}}