{"mean":{"confidence_interval":{"confidence_level":0.95,"lower_bound":-0.028831729455000208,"upper_bound":-0.017682041752232258},"point_estimate":-0.023885658307098878,"standard_error":0.0028024699061219276},"median":{"confidence_interval":{"confidence_level":0.95,"lower_bound":-0.024120394077498775,"upper_bound":-0.019849671944809355},"point_estimate":-0.022117916173975405,"standard_error":0.0011401767254308342}}