{"mean":{"confidence_interval":{"confidence_level":0.95,"lower_bound":-0.003235343588317938,"upper_bound":0.007669716708176775},"point_estimate":0.0030179025195868903,"standard_error":0.002813689960531683},"median":{"confidence_interval":{"confidence_level":0.95,"lower_bound":0.0036676627121259298,"upper_bound":0.0076012314130537995},"point_estimate":0.005310528083534161,"standard_error":0.0010103596399826042}}