{"mean":{"confidence_interval":{"confidence_level":0.95,"lower_bound":-0.038022743403101356,"upper_bound":-0.028085136126825117},"point_estimate":-0.033182943172652246,"standard_error":0.00256332271935756},"median":{"confidence_interval":{"confidence_level":0.95,"lower_bound":-0.03807405953046583,"upper_bound":-0.0280333355333148},"point_estimate":-0.03438016658641174,"standard_error":0.0025619677452399774}}