{"mean":{"confidence_interval":{"confidence_level":0.95,"lower_bound":-0.026124619777274597,"upper_bound":-0.011719744136751826},"point_estimate":-0.018654307771227008,"standard_error":0.0036768541381194315},"median":{"confidence_interval":{"confidence_level":0.95,"lower_bound":-0.025020533135919454,"upper_bound":-0.0070704856620764645},"point_estimate":-0.018056482906672833,"standard_error":0.004869300321632083}}