{"mean":{"confidence_interval":{"confidence_level":0.95,"lower_bound":-0.011975206391611964,"upper_bound":0.010626027732953292},"point_estimate":-0.0014252456636405508,"standard_error":0.005731762688346095},"median":{"confidence_interval":{"confidence_level":0.95,"lower_bound":-0.017564572256887203,"upper_bound":0.019078309650636616},"point_estimate":-0.0027156201274611824,"standard_error":0.009603988391257283}}