{"mean":{"confidence_interval":{"confidence_level":0.95,"lower_bound":-0.012414777185203237,"upper_bound":-0.003949951618374149},"point_estimate":-0.008791595899449334,"standard_error":0.002178937814731696},"median":{"confidence_interval":{"confidence_level":0.95,"lower_bound":-0.012879732786504006,"upper_bound":-0.009107542584956718},"point_estimate":-0.010967734098425885,"standard_error":0.0009308140424984188}}