{"mean":{"confidence_interval":{"confidence_level":0.95,"lower_bound":0.019935664411198584,"upper_bound":0.030738921258808838},"point_estimate":0.024797247418913315,"standard_error":0.0027440657028481312},"median":{"confidence_interval":{"confidence_level":0.95,"lower_bound":0.01678565103922658,"upper_bound":0.02341735326872496},"point_estimate":0.02006211802822011,"standard_error":0.0016612641810570482}}