{"mean":{"confidence_interval":{"confidence_level":0.95,"lower_bound":-0.00794761203025306,"upper_bound":0.005728926279318917},"point_estimate":-0.0021152585386756684,"standard_error":0.0033609458269798498},"median":{"confidence_interval":{"confidence_level":0.95,"lower_bound":-0.006196407021028305,"upper_bound":-0.0016488031242429813},"point_estimate":-0.004164263862565187,"standard_error":0.001299617500746908}}