{"mean":{"confidence_interval":{"confidence_level":0.95,"lower_bound":-0.0017053374747186343,"upper_bound":0.006304871488224933},"point_estimate":0.002354543145591581,"standard_error":0.0020558868250863593},"median":{"confidence_interval":{"confidence_level":0.95,"lower_bound":0.0009054905778358435,"upper_bound":0.006733644669262295},"point_estimate":0.004392379482004438,"standard_error":0.0014952591650465768}}