{"mean":{"confidence_interval":{"confidence_level":0.95,"lower_bound":-0.010440423473850378,"upper_bound":0.009595626484041775},"point_estimate":0.00012155216460185692,"standard_error":0.0051191500952214065},"median":{"confidence_interval":{"confidence_level":0.95,"lower_bound":0.006992840602445316,"upper_bound":0.01875717545157171},"point_estimate":0.013447062076672678,"standard_error":0.0031380195919471364}}