{"mean":{"confidence_interval":{"confidence_level":0.95,"lower_bound":0.00983868607264377,"upper_bound":0.023706134766948446},"point_estimate":0.016773409977631548,"standard_error":0.003449113112186146},"median":{"confidence_interval":{"confidence_level":0.95,"lower_bound":0.009033802104651656,"upper_bound":0.01806191953732661},"point_estimate":0.013894006934177527,"standard_error":0.002234028667173727}}