{"mean":{"confidence_interval":{"confidence_level":0.95,"lower_bound":11663040.43904999,"upper_bound":11756217.4732},"point_estimate":11702189.824,"standard_error":24041.286584042373},"median":{"confidence_interval":{"confidence_level":0.95,"lower_bound":11673004.2,"upper_bound":11712975.0},"point_estimate":11691766.6,"standard_error":9654.064925528179},"median_abs_dev":{"confidence_interval":{"confidence_level":0.95,"lower_bound":68051.33879184723,"upper_bound":120356.27978324918},"point_estimate":88554.36208784525,"standard_error":13289.222421929006},"slope":null,"std_dev":{"confidence_interval":{"confidence_level":0.95,"lower_bound":100514.28136305993,"upper_bound":385113.7807061461},"point_estimate":241686.42106977434,"standard_error":90654.9603866469}}