{"mean":{"confidence_interval":{"confidence_level":0.95,"lower_bound":-0.025133502279162074,"upper_bound":-0.006389596532082605},"point_estimate":-0.014215848659343444,"standard_error":0.00508068158515044},"median":{"confidence_interval":{"confidence_level":0.95,"lower_bound":-0.009089828752584683,"upper_bound":-0.005750616925316421},"point_estimate":-0.007327262329406947,"standard_error":0.0008614250524740807}}