{"mean":{"confidence_interval":{"confidence_level":0.95,"lower_bound":11678761.606200002,"upper_bound":11764196.7769},"point_estimate":11723936.081999999,"standard_error":21809.949341024912},"median":{"confidence_interval":{"confidence_level":0.95,"lower_bound":11735787.5,"upper_bound":11782625.0},"point_estimate":11767800.0,"standard_error":12305.104989454869},"median_abs_dev":{"confidence_interval":{"confidence_level":0.95,"lower_bound":68057.71397173515,"upper_bound":140735.95076143686},"point_estimate":101144.156284332,"standard_error":19316.8638762035},"slope":null,"std_dev":{"confidence_interval":{"confidence_level":0.95,"lower_bound":138497.15651101814,"upper_bound":293913.0061891617},"point_estimate":218860.256824573,"standard_error":40224.12783793022}}