{"mean":{"confidence_interval":{"confidence_level":0.95,"lower_bound":11762593.968199998,"upper_bound":11815697.312049998},"point_estimate":11791518.338,"standard_error":13629.621951493651},"median":{"confidence_interval":{"confidence_level":0.95,"lower_bound":11806900.0,"upper_bound":11838391.7},"point_estimate":11822904.2,"standard_error":8059.378184312568},"median_abs_dev":{"confidence_interval":{"confidence_level":0.95,"lower_bound":39134.5606452246,"upper_bound":68879.2226171499},"point_estimate":47338.08281958048,"standard_error":7619.59638038664},"slope":null,"std_dev":{"confidence_interval":{"confidence_level":0.95,"lower_bound":78558.92433339884,"upper_bound":194913.3293220004},"point_estimate":137250.79070892525,"standard_error":31193.159183204458}}