{"mean":{"confidence_interval":{"confidence_level":0.95,"lower_bound":-0.008410913900837163,"upper_bound":-0.0023937594122660755},"point_estimate":-0.00535394042773063,"standard_error":0.0015363595760234058},"median":{"confidence_interval":{"confidence_level":0.95,"lower_bound":-0.005614180679018713,"upper_bound":-0.0008409706122450844},"point_estimate":-0.0032712808649613123,"standard_error":0.0012755853452537718}}