{"mean":{"confidence_interval":{"confidence_level":0.95,"lower_bound":-0.0005809870639935571,"upper_bound":0.00456458648690236},"point_estimate":0.0019026105784805125,"standard_error":0.0013099213924050183},"median":{"confidence_interval":{"confidence_level":0.95,"lower_bound":-0.0005390339775908082,"upper_bound":0.002670932921460256},"point_estimate":0.001071250085392883,"standard_error":0.000810788588414189}}