{"mean":{"confidence_interval":{"confidence_level":0.95,"lower_bound":-0.028435461784711454,"upper_bound":-0.01464591717304351},"point_estimate":-0.021195099885293556,"standard_error":0.00352733283923491},"median":{"confidence_interval":{"confidence_level":0.95,"lower_bound":-0.027687220538331968,"upper_bound":-0.011709195381842785},"point_estimate":-0.019024745713036584,"standard_error":0.004251265571142224}}