{"mean":{"confidence_interval":{"confidence_level":0.95,"lower_bound":11671138.906099994,"upper_bound":11816529.227249997},"point_estimate":11736995.345999997,"standard_error":37117.94578594325},"median":{"confidence_interval":{"confidence_level":0.95,"lower_bound":11700350.0,"upper_bound":11750175.0},"point_estimate":11721779.2,"standard_error":14848.598499850345},"median_abs_dev":{"confidence_interval":{"confidence_level":0.95,"lower_bound":73190.91986060087,"upper_bound":129573.01077962032},"point_estimate":98568.13883006545,"standard_error":14228.115083108727},"slope":null,"std_dev":{"confidence_interval":{"confidence_level":0.95,"lower_bound":158036.26652611,"upper_bound":550384.3469194528},"point_estimate":373899.8178069541,"standard_error":101509.956347352}}