{"mean":{"confidence_interval":{"confidence_level":0.95,"lower_bound":-0.003693799771757944,"upper_bound":0.00110049084594242},"point_estimate":-0.0012161897555847956,"standard_error":0.0012202279332931777},"median":{"confidence_interval":{"confidence_level":0.95,"lower_bound":-0.002333548531592733,"upper_bound":0.0013866197033673977},"point_estimate":-0.0007303946245194037,"standard_error":0.0009609699689038338}}