{"mean":{"confidence_interval":{"confidence_level":0.95,"lower_bound":-0.020639825599669478,"upper_bound":-0.01051525367324304},"point_estimate":-0.01583043298232878,"standard_error":0.0025406287715742286},"median":{"confidence_interval":{"confidence_level":0.95,"lower_bound":-0.02254138236826897,"upper_bound":-0.014692741703459106},"point_estimate":-0.018022670143317487,"standard_error":0.0020425278599743497}}